,value ,value ,value ,value ,value ,value 
0.0 storyteller,ap,ap,ap,ap,ap,ap
0.1 scale,all,2,3,4,5,6
1.1 NUMBER OF su,196,5,1,99,5,51
1.2 MEAN NUMBER OF MENTIONS within su,1.6938775510204083,3.2,2.0,1.5454545454545454,4.6,2.3529411764705883
1.3 MEAN LENGTH of su (minutes),1.203656462585034,1.98,2.6333333333333333,1.4102693602693601,1.6266666666666665,0.9369281045751634
2.1 NUMBER OF ssu,164,5,1,99,5,51
2.2 MEAN NUMBER OF MENTIONS within ssu,1.9939024390243902,3.2,2.0,1.5454545454545454,4.6,2.3529411764705883
2.3 MEAN LENGTH of ssu (minutes),1.279878048780488,1.98,2.6333333333333333,1.4102693602693601,1.6266666666666665,0.9369281045751634
3.1 NUMBER OF ssu WITHOUT ANY mentions,63,0,0,47,1,15
3.2 MEAN NUMBER OF MENTIONS within ssu WITHOUT ANY mentions,0.0,,,0.0,0.0,0.0
3.3 MEAN LENGTH of ssu WITHOUT ANY mentions (minutes),0.9650793650793651,,,1.1219858156028368,0.85,0.481111111111111
4.1 NUMBER OF ssu WITHOUT ANY SAME mentions,102,1,0,81,2,16
4.2 MEAN NUMBER OF MENTIONS within ssu WITHOUT ANY SAME mentions,1.0,4.0,,0.9876543209876543,1.5,0.1875
4.3 MEAN LENGTH of ssu WITHOUT ANY SAME mentions (minutes),1.2521241830065357,3.3,,1.403292181069959,1.0083333333333333,0.47812499999999997
5.1 NUMBER OF ssu with ONLY SAME mentions,26,0,1,3,0,21
5.2 MEAN NUMBER OF mentions within ssu with ONLY SAME mentions,1.7692307692307692,,2.0,1.0,,1.9047619047619047
5.3 MEAN LENGTH of ssu with ONLY SAME mentions (minutes),0.8570512820512822,,2.6333333333333333,0.5833333333333334,,0.8166666666666667
6.1 NUMBER OF ssu with AT LEAST 1 SAME mention and AT LEAST 1 other mention,36,4,0,15,3,14
6.2.1 MEAN NUMBER OF SAME mentions within ssu with AT LEAST 1 SAME mention and AT LEAST 1 other mention,2.3055555555555554,1.5,,1.4,1.3333333333333333,3.7142857142857144
6.2.2 MEAN NUMBER OF OTHER mentions within ssu with AT LEAST 1 SAME mention and AT LEAST 1 other mention,2.6666666666666665,1.5,,3.2666666666666666,5.333333333333333,1.7857142857142858
6.3 MEAN LENGTH of ssu with AT LEAST 1 SAME mention and AT LEAST 1 other mention,1.6638888888888888,1.65,,1.6133333333333333,2.038888888888889,1.6416666666666664
7.1 NUMBER OF ssu with ONLY OTHER mentions,39,1,0,34,1,1
7.2 MEAN NUMBER OF mentions within ssu with ONLY OTHER mentions,2.6153846153846154,4.0,,2.3529411764705883,3.0,3.0
7.3 MEAN LENGTH of ssu with ONLY OTHER mentions (minutes),1.715811965811966,3.3,,1.792156862745098,1.1666666666666667,0.43333333333333335
