,value ,value ,value ,value ,value ,value 
0.0 storyteller,bn,bn,bn,bn,bn,bn
0.1 scale,all,2,3,4,5,6
1.1 NUMBER OF su,166,1,11,34,0,74
1.2 MEAN NUMBER OF MENTIONS within su,1.144578313253012,3.0,1.6363636363636365,0.9411764705882353,,0.8648648648648649
1.3 MEAN LENGTH of su (minutes),0.8985943775100402,0.85,1.012121212121212,1.152450980392157,,0.797972972972973
2.1 NUMBER OF ssu,127,1,11,34,0,74
2.2 MEAN NUMBER OF MENTIONS within ssu,1.4173228346456692,3.0,1.6363636363636365,0.9411764705882353,,0.8648648648648649
2.3 MEAN LENGTH of ssu (minutes),1.0011811023622046,0.85,1.012121212121212,1.152450980392157,,0.797972972972973
3.1 NUMBER OF ssu WITHOUT ANY mentions,73,0,6,18,0,49
3.2 MEAN NUMBER OF MENTIONS within ssu WITHOUT ANY mentions,0.0,,0.0,0.0,,0.0
3.3 MEAN LENGTH of ssu WITHOUT ANY mentions (minutes),0.6166666666666667,,0.375,0.8787037037037037,,0.5499999999999999
4.1 NUMBER OF ssu WITHOUT ANY SAME mentions,95,0,6,27,0,57
4.2 MEAN NUMBER OF MENTIONS within ssu WITHOUT ANY SAME mentions,0.9473684210526315,,0.0,0.6296296296296297,,0.24561403508771928
4.3 MEAN LENGTH of ssu WITHOUT ANY SAME mentions (minutes),0.7798245614035089,,0.375,0.9234567901234569,,0.572514619883041
5.1 NUMBER OF ssu with ONLY SAME mentions,18,0,1,5,0,10
5.2 MEAN NUMBER OF mentions within ssu with ONLY SAME mentions,1.4444444444444444,,1.0,1.4,,1.4
5.3 MEAN LENGTH of ssu with ONLY SAME mentions (minutes),1.1759259259259258,,1.35,1.2299999999999998,,1.1
6.1 NUMBER OF ssu with AT LEAST 1 SAME mention and AT LEAST 1 other mention,14,1,4,2,0,7
6.2.1 MEAN NUMBER OF SAME mentions within ssu with AT LEAST 1 SAME mention and AT LEAST 1 other mention,2.2857142857142856,1.0,2.25,1.5,,2.7142857142857144
6.2.2 MEAN NUMBER OF OTHER mentions within ssu with AT LEAST 1 SAME mention and AT LEAST 1 other mention,2.2857142857142856,2.0,2.0,2.5,,2.4285714285714284
6.3 MEAN LENGTH of ssu with AT LEAST 1 SAME mention and AT LEAST 1 other mention,2.278571428571429,0.85,1.8833333333333333,4.05,,2.202380952380952
7.1 NUMBER OF ssu with ONLY OTHER mentions,22,0,0,9,0,8
7.2 MEAN NUMBER OF mentions within ssu with ONLY OTHER mentions,4.090909090909091,,,1.8888888888888888,,1.75
7.3 MEAN LENGTH of ssu with ONLY OTHER mentions (minutes),1.3212121212121213,,,1.012962962962963,,0.7104166666666667
