,value ,value ,value ,value ,value ,value 
0.0 storyteller,ct,ct,ct,ct,ct,ct
0.1 scale,all,2,3,4,5,6
1.1 NUMBER OF su,281,37,10,118,17,47
1.2 MEAN NUMBER OF MENTIONS within su,1.416370106761566,1.972972972972973,3.9,1.3644067796610169,1.4705882352941178,1.3617021276595744
1.3 MEAN LENGTH of su (minutes),0.71429418742586,0.7459459459459461,0.8633333333333333,0.7295197740112994,0.6833333333333333,0.9205673758865249
2.1 NUMBER OF ssu,234,37,10,118,17,47
2.2 MEAN NUMBER OF MENTIONS within ssu,1.6367521367521367,1.972972972972973,3.9,1.3644067796610169,1.4705882352941178,1.3617021276595744
2.3 MEAN LENGTH of ssu (minutes),0.7839031339031339,0.7459459459459461,0.8633333333333333,0.7295197740112994,0.6833333333333333,0.9205673758865249
3.1 NUMBER OF ssu WITHOUT ANY mentions,92,18,2,45,7,20
3.2 MEAN NUMBER OF MENTIONS within ssu WITHOUT ANY mentions,0.0,0.0,0.0,0.0,0.0,0.0
3.3 MEAN LENGTH of ssu WITHOUT ANY mentions (minutes),0.45543478260869563,0.32314814814814813,0.875,0.4862962962962962,0.4523809523809524,0.4641666666666667
4.1 NUMBER OF ssu WITHOUT ANY SAME mentions,137,24,2,70,10,26
4.2 MEAN NUMBER OF MENTIONS within ssu WITHOUT ANY SAME mentions,0.8540145985401459,1.1666666666666667,0.0,0.7142857142857143,0.3,0.5769230769230769
4.3 MEAN LENGTH of ssu WITHOUT ANY SAME mentions (minutes),0.6776155717761558,0.5770833333333334,0.875,0.6961904761904762,0.5583333333333333,0.6416666666666667
5.1 NUMBER OF ssu with ONLY SAME mentions,60,4,1,36,4,15
5.2 MEAN NUMBER OF mentions within ssu with ONLY SAME mentions,1.3833333333333333,1.0,1.0,1.5,1.25,1.2666666666666666
5.3 MEAN LENGTH of ssu with ONLY SAME mentions (minutes),0.5633333333333334,0.375,0.05,0.486111111111111,0.24583333333333332,0.9177777777777778
6.1 NUMBER OF ssu with AT LEAST 1 SAME mention and AT LEAST 1 other mention,37,9,7,12,3,6
6.2.1 MEAN NUMBER OF SAME mentions within ssu with AT LEAST 1 SAME mention and AT LEAST 1 other mention,2.27027027027027,2.3333333333333335,2.2857142857142856,2.5,1.6666666666666667,2.0
6.2.2 MEAN NUMBER OF OTHER mentions within ssu with AT LEAST 1 SAME mention and AT LEAST 1 other mention,2.675675675675676,2.2222222222222223,3.142857142857143,2.25,4.0,3.0
6.3 MEAN LENGTH of ssu with AT LEAST 1 SAME mention and AT LEAST 1 other mention,1.5351351351351354,1.361111111111111,0.9761904761904762,1.6541666666666666,1.6833333333333336,2.136111111111111
7.1 NUMBER OF ssu with ONLY OTHER mentions,45,6,0,25,3,6
7.2 MEAN NUMBER OF mentions within ssu with ONLY OTHER mentions,2.6,4.666666666666667,,2.0,1.0,2.5
7.3 MEAN LENGTH of ssu with ONLY OTHER mentions (minutes),1.1318518518518517,1.3388888888888888,,1.0739999999999998,0.8055555555555557,1.2333333333333332
