,value ,value ,value ,value ,value ,value 
0.0 storyteller,eh,eh,eh,eh,eh,eh
0.1 scale,all,2,3,4,5,6
1.1 NUMBER OF su,117,14,15,23,3,36
1.2 MEAN NUMBER OF MENTIONS within su,1.829059829059829,1.2857142857142858,1.6,3.260869565217391,1.6666666666666667,1.8611111111111112
1.3 MEAN LENGTH of su (minutes),1.4743589743589747,1.2142857142857142,2.722222222222222,1.989130434782608,1.861111111111111,1.1875
2.1 NUMBER OF ssu,94,14,15,23,3,36
2.2 MEAN NUMBER OF MENTIONS within ssu,2.1914893617021276,1.2857142857142858,1.6,3.260869565217391,1.6666666666666667,1.8611111111111112
2.3 MEAN LENGTH of ssu (minutes),1.6578014184397165,1.2142857142857142,2.722222222222222,1.989130434782608,1.861111111111111,1.1875
3.1 NUMBER OF ssu WITHOUT ANY mentions,28,7,5,5,1,10
3.2 MEAN NUMBER OF MENTIONS within ssu WITHOUT ANY mentions,0.0,0.0,0.0,0.0,0.0,0.0
3.3 MEAN LENGTH of ssu WITHOUT ANY mentions (minutes),1.0505952380952381,0.9047619047619048,1.9000000000000004,1.7666666666666668,0.6666666666666666,0.4083333333333333
4.1 NUMBER OF ssu WITHOUT ANY SAME mentions,56,10,11,15,2,15
4.2 MEAN NUMBER OF MENTIONS within ssu WITHOUT ANY SAME mentions,1.5714285714285714,0.6,1.1818181818181819,2.7333333333333334,1.5,0.5333333333333333
4.3 MEAN LENGTH of ssu WITHOUT ANY SAME mentions (minutes),1.6205357142857142,1.2666666666666666,2.575757575757576,1.9499999999999997,1.0,0.9722222222222221
5.1 NUMBER OF ssu with ONLY SAME mentions,19,1,1,4,0,13
5.2 MEAN NUMBER OF mentions within ssu with ONLY SAME mentions,1.736842105263158,1.0,2.0,1.5,,1.8461538461538463
5.3 MEAN LENGTH of ssu with ONLY SAME mentions (minutes),1.2675438596491226,0.25,2.5,0.9375,,1.3525641025641024
6.1 NUMBER OF ssu with AT LEAST 1 SAME mention and AT LEAST 1 other mention,19,3,3,4,1,8
6.2.1 MEAN NUMBER OF SAME mentions within ssu with AT LEAST 1 SAME mention and AT LEAST 1 other mention,1.8421052631578947,1.0,1.3333333333333333,2.5,1.0,2.125
6.2.2 MEAN NUMBER OF OTHER mentions within ssu with AT LEAST 1 SAME mention and AT LEAST 1 other mention,2.6315789473684212,2.6666666666666665,1.6666666666666667,4.5,1.0,2.25
6.3 MEAN LENGTH of ssu with AT LEAST 1 SAME mention and AT LEAST 1 other mention,2.157894736842105,1.361111111111111,3.3333333333333335,3.187499999999999,3.583333333333333,1.3229166666666665
7.1 NUMBER OF ssu with ONLY OTHER mentions,28,3,6,10,1,5
7.2 MEAN NUMBER OF mentions within ssu with ONLY OTHER mentions,3.142857142857143,2.0,2.1666666666666665,4.1,3.0,1.6
7.3 MEAN LENGTH of ssu with ONLY OTHER mentions (minutes),2.1904761904761907,2.111111111111111,3.1388888888888893,2.0416666666666665,1.3333333333333333,2.1
