,value ,value ,value ,value ,value ,value 
0.0 storyteller,ek,ek,ek,ek,ek,ek
0.1 scale,all,2,3,4,5,6
1.1 NUMBER OF su,163,4,12,40,4,45
1.2 MEAN NUMBER OF MENTIONS within su,1.6932515337423313,1.25,1.6666666666666667,2.375,3.25,1.488888888888889
1.3 MEAN LENGTH of su (minutes),1.0476482617586913,0.9458333333333333,1.4736111111111112,1.0570833333333334,1.9041666666666666,1.508148148148148
2.1 NUMBER OF ssu,117,4,12,40,4,45
2.2 MEAN NUMBER OF MENTIONS within ssu,2.3076923076923075,1.25,1.6666666666666667,2.375,3.25,1.488888888888889
2.3 MEAN LENGTH of ssu (minutes),1.3045584045584044,0.9458333333333333,1.4736111111111112,1.0570833333333334,1.9041666666666666,1.508148148148148
3.1 NUMBER OF ssu WITHOUT ANY mentions,34,0,4,9,0,20
3.2 MEAN NUMBER OF MENTIONS within ssu WITHOUT ANY mentions,0.0,,0.0,0.0,,0.0
3.3 MEAN LENGTH of ssu WITHOUT ANY mentions (minutes),0.7588235294117647,,1.0583333333333333,0.6722222222222222,,0.7741666666666667
4.1 NUMBER OF ssu WITHOUT ANY SAME mentions,64,0,5,18,2,27
4.2 MEAN NUMBER OF MENTIONS within ssu WITHOUT ANY SAME mentions,1.6875,,0.2,1.0555555555555556,1.5,0.5555555555555556
4.3 MEAN LENGTH of ssu WITHOUT ANY SAME mentions (minutes),1.196875,,1.11,0.8888888888888888,2.5999999999999996,1.3499999999999999
5.1 NUMBER OF ssu with ONLY SAME mentions,21,3,3,8,1,6
5.2 MEAN NUMBER OF mentions within ssu with ONLY SAME mentions,1.0952380952380953,1.0,1.3333333333333333,1.125,1.0,1.0
5.3 MEAN LENGTH of ssu with ONLY SAME mentions (minutes),0.7444444444444444,0.85,1.8777777777777775,0.45624999999999993,0.5166666666666667,0.5472222222222222
6.1 NUMBER OF ssu with AT LEAST 1 SAME mention and AT LEAST 1 other mention,32,1,4,14,1,12
6.2.1 MEAN NUMBER OF SAME mentions within ssu with AT LEAST 1 SAME mention and AT LEAST 1 other mention,1.65625,1.0,1.25,1.7142857142857142,1.0,1.8333333333333333
6.2.2 MEAN NUMBER OF OTHER mentions within ssu with AT LEAST 1 SAME mention and AT LEAST 1 other mention,2.6875,1.0,2.5,3.0714285714285716,8.0,2.0
6.3 MEAN LENGTH of ssu with AT LEAST 1 SAME mention and AT LEAST 1 other mention,1.8875000000000002,1.2333333333333334,1.625,1.6166666666666667,1.9,2.3444444444444446
7.1 NUMBER OF ssu with ONLY OTHER mentions,30,0,1,9,2,7
7.2 MEAN NUMBER OF mentions within ssu with ONLY OTHER mentions,3.6,,1.0,2.111111111111111,1.5,2.142857142857143
7.3 MEAN LENGTH of ssu with ONLY OTHER mentions (minutes),1.6933333333333327,,1.3166666666666669,1.1055555555555554,2.5999999999999996,2.995238095238095
