,value ,value ,value ,value ,value ,value 
0.0 storyteller,ep,ep,ep,ep,ep,ep
0.1 scale,all,2,3,4,5,6
1.1 NUMBER OF su,248,28,20,65,11,59
1.2 MEAN NUMBER OF MENTIONS within su,1.5685483870967742,1.3928571428571428,1.95,1.7230769230769232,1.8181818181818181,2.135593220338983
1.3 MEAN LENGTH of su (minutes),0.9375672043010753,1.381547619047619,1.2100000000000002,1.0484615384615386,1.4575757575757577,0.8364406779661016
2.1 NUMBER OF ssu,186,28,20,65,11,59
2.2 MEAN NUMBER OF MENTIONS within ssu,1.9408602150537635,1.3928571428571428,1.95,1.7230769230769232,1.8181818181818181,2.135593220338983
2.3 MEAN LENGTH of ssu (minutes),1.0938172043010754,1.381547619047619,1.2100000000000002,1.0484615384615386,1.4575757575757577,0.8364406779661016
3.1 NUMBER OF ssu WITHOUT ANY mentions,62,12,6,24,4,16
3.2 MEAN NUMBER OF MENTIONS within ssu WITHOUT ANY mentions,0.0,0.0,0.0,0.0,0.0,0.0
3.3 MEAN LENGTH of ssu WITHOUT ANY mentions (minutes),0.7782258064516127,0.8847222222222223,1.3583333333333334,0.6340277777777777,0.7041666666666667,0.7156250000000001
4.1 NUMBER OF ssu WITHOUT ANY SAME mentions,103,16,10,44,6,24
4.2 MEAN NUMBER OF MENTIONS within ssu WITHOUT ANY SAME mentions,0.8446601941747572,0.375,0.4,0.7272727272727273,0.5,0.7083333333333334
4.3 MEAN LENGTH of ssu WITHOUT ANY SAME mentions (minutes),0.9600323624595468,1.0197916666666667,1.0766666666666667,0.9560606060606059,1.3444444444444448,0.6097222222222222
5.1 NUMBER OF ssu with ONLY SAME mentions,44,5,6,10,3,20
5.2 MEAN NUMBER OF mentions within ssu with ONLY SAME mentions,1.6363636363636365,1.8,1.1666666666666667,1.9,1.6666666666666667,1.6
5.3 MEAN LENGTH of ssu with ONLY SAME mentions (minutes),0.6443181818181818,0.8833333333333334,0.6972222222222223,0.47333333333333333,0.6666666666666666,0.6508333333333333
6.1 NUMBER OF ssu with AT LEAST 1 SAME mention and AT LEAST 1 other mention,39,7,4,11,2,15
6.2.1 MEAN NUMBER OF SAME mentions within ssu with AT LEAST 1 SAME mention and AT LEAST 1 other mention,2.282051282051282,1.2857142857142858,4.0,2.0,3.0,2.4
6.2.2 MEAN NUMBER OF OTHER mentions within ssu with AT LEAST 1 SAME mention and AT LEAST 1 other mention,2.8974358974358974,2.142857142857143,3.0,3.5454545454545454,3.0,2.7333333333333334
6.3 MEAN LENGTH of ssu with AT LEAST 1 SAME mention and AT LEAST 1 other mention,1.954273504273504,2.5642857142857145,2.3125,1.9409090909090911,2.9833333333333334,1.4466666666666665
7.1 NUMBER OF ssu with ONLY OTHER mentions,41,4,4,20,2,8
7.2 MEAN NUMBER OF mentions within ssu with ONLY OTHER mentions,2.1219512195121952,1.5,1.0,1.6,1.5,2.125
7.3 MEAN LENGTH of ssu with ONLY OTHER mentions (minutes),1.2349593495934958,1.4249999999999998,0.6541666666666667,1.3425,2.625,0.39791666666666664
