,value ,value ,value ,value ,value ,value 
0.0 storyteller,fv,fv,fv,fv,fv,fv
0.1 scale,all,2,3,4,5,6
1.1 NUMBER OF su,256,27,13,66,4,70
1.2 MEAN NUMBER OF MENTIONS within su,2.03515625,2.740740740740741,1.7692307692307692,2.6666666666666665,2.25,2.4571428571428573
1.3 MEAN LENGTH of su (minutes),0.6364583333333332,1.2277777777777776,0.7051282051282052,0.7191919191919192,0.3833333333333333,0.6769047619047619
2.1 NUMBER OF ssu,187,27,13,66,4,70
2.2 MEAN NUMBER OF MENTIONS within ssu,2.625668449197861,2.740740740740741,1.7692307692307692,2.6666666666666665,2.25,2.4571428571428573
2.3 MEAN LENGTH of ssu (minutes),0.7635472370766488,1.2277777777777776,0.7051282051282052,0.7191919191919192,0.3833333333333333,0.6769047619047619
3.1 NUMBER OF ssu WITHOUT ANY mentions,50,7,2,22,0,19
3.2 MEAN NUMBER OF MENTIONS within ssu WITHOUT ANY mentions,0.0,0.0,0.0,0.0,,0.0
3.3 MEAN LENGTH of ssu WITHOUT ANY mentions (minutes),0.6543333333333332,0.8285714285714285,0.7583333333333333,0.6545454545454545,,0.5789473684210527
4.1 NUMBER OF ssu WITHOUT ANY SAME mentions,76,11,6,33,0,22
4.2 MEAN NUMBER OF MENTIONS within ssu WITHOUT ANY SAME mentions,1.144736842105263,1.8181818181818181,0.6666666666666666,0.8484848484848485,,0.22727272727272727
4.3 MEAN LENGTH of ssu WITHOUT ANY SAME mentions (minutes),0.7361842105263158,1.1818181818181817,0.6722222222222222,0.6974747474747476,,0.5727272727272728
5.1 NUMBER OF ssu with ONLY SAME mentions,52,7,3,11,2,28
5.2 MEAN NUMBER OF mentions within ssu with ONLY SAME mentions,1.5961538461538463,1.0,1.0,1.2727272727272727,1.0,2.0
5.3 MEAN LENGTH of ssu with ONLY SAME mentions (minutes),0.5977564102564102,1.0071428571428573,0.9388888888888888,0.27575757575757576,0.21666666666666667,0.631547619047619
6.1 NUMBER OF ssu with AT LEAST 1 SAME mention and AT LEAST 1 other mention,59,9,4,22,2,20
6.2.1 MEAN NUMBER OF SAME mentions within ssu with AT LEAST 1 SAME mention and AT LEAST 1 other mention,1.9661016949152543,1.4444444444444444,1.5,2.1363636363636362,2.0,2.1
6.2.2 MEAN NUMBER OF OTHER mentions within ssu with AT LEAST 1 SAME mention and AT LEAST 1 other mention,3.4745762711864407,3.7777777777777777,2.5,3.9545454545454546,1.5,3.45
6.3 MEAN LENGTH of ssu with AT LEAST 1 SAME mention and AT LEAST 1 other mention,0.9449152542372883,1.4555555555555553,0.5791666666666666,0.9734848484848485,0.55,0.8549999999999999
7.1 NUMBER OF ssu with ONLY OTHER mentions,26,4,4,11,0,3
7.2 MEAN NUMBER OF mentions within ssu with ONLY OTHER mentions,3.3461538461538463,5.0,1.0,2.5454545454545454,,1.6666666666666667
7.3 MEAN LENGTH of ssu with ONLY OTHER mentions (minutes),0.8935897435897435,1.8,0.6291666666666667,0.7833333333333332,,0.5333333333333333
