,value ,value ,value ,value ,value ,value 
0.0 storyteller,jm,jm,jm,jm,jm,jm
0.1 scale,all,2,3,4,5,6
1.1 NUMBER OF su,138,18,15,31,1,29
1.2 MEAN NUMBER OF MENTIONS within su,2.0434782608695654,1.5555555555555556,5.666666666666667,1.935483870967742,5.0,2.8275862068965516
1.3 MEAN LENGTH of su (minutes),1.3882850241545892,0.938888888888889,1.5144444444444445,1.2844086021505374,1.5833333333333333,2.1201149425287356
2.1 NUMBER OF ssu,96,18,15,31,1,29
2.2 MEAN NUMBER OF MENTIONS within ssu,2.75,1.5555555555555556,5.666666666666667,1.935483870967742,5.0,2.8275862068965516
2.3 MEAN LENGTH of ssu (minutes),1.5041666666666664,0.938888888888889,1.5144444444444445,1.2844086021505374,1.5833333333333333,2.1201149425287356
3.1 NUMBER OF ssu WITHOUT ANY mentions,25,7,0,10,0,8
3.2 MEAN NUMBER OF MENTIONS within ssu WITHOUT ANY mentions,0.0,0.0,,0.0,,0.0
3.3 MEAN LENGTH of ssu WITHOUT ANY mentions (minutes),0.9253333333333333,1.226190476190476,,0.97,,0.60625
4.1 NUMBER OF ssu WITHOUT ANY SAME mentions,42,12,3,16,0,10
4.2 MEAN NUMBER OF MENTIONS within ssu WITHOUT ANY SAME mentions,0.8571428571428571,1.1666666666666667,1.0,0.5625,,0.7
4.3 MEAN LENGTH of ssu WITHOUT ANY SAME mentions (minutes),1.0587301587301587,0.923611111111111,0.9833333333333334,1.25,,0.9616666666666666
5.1 NUMBER OF ssu with ONLY SAME mentions,22,3,4,3,0,11
5.2 MEAN NUMBER OF mentions within ssu with ONLY SAME mentions,1.5909090909090908,1.6666666666666667,1.5,1.3333333333333333,,1.7272727272727273
5.3 MEAN LENGTH of ssu with ONLY SAME mentions (minutes),1.178030303030303,0.6944444444444445,1.3708333333333333,0.9666666666666665,,1.3060606060606061
6.1 NUMBER OF ssu with AT LEAST 1 SAME mention and AT LEAST 1 other mention,32,3,8,12,1,8
6.2.1 MEAN NUMBER OF SAME mentions within ssu with AT LEAST 1 SAME mention and AT LEAST 1 other mention,2.46875,1.6666666666666667,3.625,1.25,2.0,3.5
6.2.2 MEAN NUMBER OF OTHER mentions within ssu with AT LEAST 1 SAME mention and AT LEAST 1 other mention,3.5625,1.3333333333333333,5.875,2.6666666666666665,3.0,3.5
6.3 MEAN LENGTH of ssu with AT LEAST 1 SAME mention and AT LEAST 1 other mention,2.3130208333333333,1.2444444444444445,1.7854166666666667,1.4097222222222223,1.5833333333333333,4.6875
7.1 NUMBER OF ssu with ONLY OTHER mentions,17,5,3,6,0,2
7.2 MEAN NUMBER OF mentions within ssu with ONLY OTHER mentions,2.1176470588235294,2.8,1.0,1.5,,3.5
7.3 MEAN LENGTH of ssu with ONLY OTHER mentions (minutes),1.254901960784314,0.5000000000000001,0.9833333333333334,1.7166666666666668,,2.3833333333333333
