,value ,value ,value ,value ,value ,value 
0.0 storyteller,jr,jr,jr,jr,jr,jr
0.1 scale,all,2,3,4,5,6
1.1 NUMBER OF su,114,0,3,16,0,52
1.2 MEAN NUMBER OF MENTIONS within su,1.5701754385964912,,5.666666666666667,2.25,,1.6730769230769231
1.3 MEAN LENGTH of su (minutes),1.4796783625730994,,4.777777777777778,1.5625,,1.3548076923076924
2.1 NUMBER OF ssu,70,0,3,16,0,51
2.2 MEAN NUMBER OF MENTIONS within ssu,1.9428571428571428,,5.666666666666667,2.25,,1.6274509803921569
2.3 MEAN LENGTH of ssu (minutes),1.5654761904761905,,4.777777777777778,1.5625,,1.3774509803921569
3.1 NUMBER OF ssu WITHOUT ANY mentions,22,0,1,3,0,18
3.2 MEAN NUMBER OF MENTIONS within ssu WITHOUT ANY mentions,0.0,,0.0,0.0,,0.0
3.3 MEAN LENGTH of ssu WITHOUT ANY mentions (minutes),0.9636363636363634,,3.7666666666666666,0.85,,0.8268518518518517
4.1 NUMBER OF ssu WITHOUT ANY SAME mentions,41,0,2,9,0,30
4.2 MEAN NUMBER OF MENTIONS within ssu WITHOUT ANY SAME mentions,0.926829268292683,,3.0,1.3333333333333333,,0.6666666666666666
4.3 MEAN LENGTH of ssu WITHOUT ANY SAME mentions (minutes),1.4166666666666667,,4.475,1.1870370370370371,,1.2816666666666665
5.1 NUMBER OF ssu with ONLY SAME mentions,13,0,0,1,0,12
5.2 MEAN NUMBER OF mentions within ssu with ONLY SAME mentions,1.5384615384615385,,,1.0,,1.5833333333333333
5.3 MEAN LENGTH of ssu with ONLY SAME mentions (minutes),1.351282051282051,,,3.4,,1.1805555555555554
6.1 NUMBER OF ssu with AT LEAST 1 SAME mention and AT LEAST 1 other mention,16,0,1,6,0,9
6.2.1 MEAN NUMBER OF SAME mentions within ssu with AT LEAST 1 SAME mention and AT LEAST 1 other mention,1.875,,3.0,1.3333333333333333,,2.111111111111111
6.2.2 MEAN NUMBER OF OTHER mentions within ssu with AT LEAST 1 SAME mention and AT LEAST 1 other mention,3.0,,8.0,2.5,,2.7777777777777777
6.3 MEAN LENGTH of ssu with AT LEAST 1 SAME mention and AT LEAST 1 other mention,2.120833333333333,,5.383333333333334,1.8194444444444446,,1.9592592592592593
7.1 NUMBER OF ssu with ONLY OTHER mentions,19,0,1,6,0,12
7.2 MEAN NUMBER OF mentions within ssu with ONLY OTHER mentions,2.0,,6.0,2.0,,1.6666666666666667
7.3 MEAN LENGTH of ssu with ONLY OTHER mentions (minutes),1.9412280701754385,,5.183333333333334,1.3555555555555554,,1.9638888888888892
