,value ,value ,value ,value ,value ,value 
0.0 storyteller,og,og,og,og,og,og
0.1 scale,all,2,3,4,5,6
1.1 NUMBER OF su,139,0,20,39,2,57
1.2 MEAN NUMBER OF MENTIONS within su,3.553956834532374,,2.35,5.17948717948718,5.5,3.210526315789474
1.3 MEAN LENGTH of su (minutes),2.236930455635491,,2.6275000000000004,2.5213675213675217,4.25,2.311111111111111
2.1 NUMBER OF ssu,122,0,20,39,2,57
2.2 MEAN NUMBER OF MENTIONS within ssu,3.918032786885246,,2.35,5.17948717948718,5.5,3.210526315789474
2.3 MEAN LENGTH of ssu (minutes),2.4543715846994534,,2.6275000000000004,2.5213675213675217,4.25,2.311111111111111
3.1 NUMBER OF ssu WITHOUT ANY mentions,26,0,10,3,0,13
3.2 MEAN NUMBER OF MENTIONS within ssu WITHOUT ANY mentions,0.0,,0.0,0.0,,0.0
3.3 MEAN LENGTH of ssu WITHOUT ANY mentions (minutes),1.3602564102564103,,1.8066666666666662,1.6666666666666667,,0.9461538461538461
4.1 NUMBER OF ssu WITHOUT ANY SAME mentions,60,0,15,14,2,25
4.2 MEAN NUMBER OF MENTIONS within ssu WITHOUT ANY SAME mentions,2.566666666666667,,0.8,3.642857142857143,5.5,1.8
4.3 MEAN LENGTH of ssu WITHOUT ANY SAME mentions (minutes),2.0302777777777776,,2.034444444444445,2.25,4.25,1.7193333333333332
5.1 NUMBER OF ssu with ONLY SAME mentions,17,0,1,3,0,13
5.2 MEAN NUMBER OF mentions within ssu with ONLY SAME mentions,1.2352941176470589,,1.0,1.0,,1.3076923076923077
5.3 MEAN LENGTH of ssu with ONLY SAME mentions (minutes),2.1147058823529408,,0.9333333333333332,1.2777777777777775,,2.3987179487179486
6.1 NUMBER OF ssu with AT LEAST 1 SAME mention and AT LEAST 1 other mention,45,0,4,22,0,19
6.2.1 MEAN NUMBER OF SAME mentions within ssu with AT LEAST 1 SAME mention and AT LEAST 1 other mention,2.2222222222222223,,1.0,2.272727272727273,,2.4210526315789473
6.2.2 MEAN NUMBER OF OTHER mentions within ssu with AT LEAST 1 SAME mention and AT LEAST 1 other mention,4.511111111111111,,7.5,4.454545454545454,,3.9473684210526314
6.3 MEAN LENGTH of ssu with AT LEAST 1 SAME mention and AT LEAST 1 other mention,3.148148148148148,,5.2749999999999995,2.8636363636363638,,3.029824561403509
7.1 NUMBER OF ssu with ONLY OTHER mentions,34,0,5,11,2,12
7.2 MEAN NUMBER OF mentions within ssu with ONLY OTHER mentions,4.529411764705882,,2.4,4.636363636363637,5.5,3.75
7.3 MEAN LENGTH of ssu with ONLY OTHER mentions (minutes),2.5426470588235293,,2.4899999999999998,2.409090909090909,4.25,2.5569444444444445
